{"cameraMode":{"drawMode":0,"name":"Shaded","section":"Shading Mode"},"sceneLighting":false,"audioPlay":false,"sceneViewState":{"m_AlwaysRefresh":false,"showFog":true,"showSkybox":false,"showFlares":true,"showImageEffects":true,"showParticleSystems":true,"showVisualEffectGraphs":true,"m_FxEnabled":true},"in2DMode":false,"pivot":{"x":7.6076884269714359,"y":-0.7018383741378784,"z":-3.7841711044311525},"rotation":{"x":0.28542304039001467,"y":0.004502463154494762,"z":-0.0003925604687537998,"w":0.9584348201751709},"size":2.6712803840637209,"orthographic":false}